campus,n_nodes,n_edges,density,mean_degree,degree_variance,clustering_coef,assortativity,modularity,homophily_dorm,homophily_year
Bowdoin47,2250,84386,0.033352502346722,75.00977777777777,3206.3536821728394,0.21633565040151587,0.05617686307638685,0.45261018159542,0.16985518668111516,0.6087296537829383
Caltech36,762,16651,0.05742892519512591,43.70341207349082,1365.7598046307203,0.2912809635141533,-0.06617072568577184,0.39365528009276896,0.52394322258618,0.4443920194122405
Harvard1,15086,824595,0.00724688341916466,109.31923637809889,12449.954829484495,0.13561565492370742,0.14500018217245075,0.430605518965625,0.20702556081572107,0.5601025963005561
Penn94,41536,1362220,0.0015792044617539962,65.59225731895224,6364.356232423771,0.09821499504811905,-0.0013283110756584797,0.4889591886334291,0.25462560499976505,0.5163201776474088
Tennessee95,16977,770658,0.005348048923761521,90.78847852977557,10169.56643849917,0.13866015566532053,0.0005223327887146075,0.41217108451323936,0.2502696613872201,0.4313815095574351
